fnr,fnavn,sick_pct,year_q,pop,agegroup0_share,agegroup10_share,agegroup20_share,agegroup30_share,agegroup40_share,agegroup50_share,agegroup60_share,agegroup70_share,agegroup80_share,agegroup90_share,age_avg,uniwork_share,femalework_share,healthsoc_share,pub_defense_socins_share,post,quarters
1,Østfold,7.2,2008,265458,0.11916009,0.13199829,0.10781743,0.13858689,0.14450119,0.13277806,0.10885715,0.067814872,0.041490555,0.006995457,39.67712,0.2426988,0.52864128,0.19306639,0.051804308,0,1
1,Østfold,7.4,2009,268584,0.11845829,0.13165714,0.10875183,0.13503782,0.14680323,0.1317949,0.11186445,0.067375571,0.041067228,0.007189557,39.753304,0.25736403,0.52669102,0.20293413,0.055370707,0,5
1,Østfold,6.8,2010,271662,0.11801062,0.13138017,0.11029883,0.1310636,0.14740376,0.13192129,0.1147897,0.067260049,0.040539347,0.007332641,39.828236,0.26103708,0.52655059,0.20766991,0.057448376,0,9
1,Østfold,7.2,2011,274827,0.11697177,0.13056941,0.11223424,0.12848082,0.14883545,0.13097695,0.11712095,0.066954851,0.040178005,0.007677557,39.910576,0.26384902,0.52962124,0.20849799,0.058220774,0,13
1,Østfold,6.5,2012,278352,0.11591438,0.12975657,0.11348581,0.12607418,0.15004742,0.13120078,0.11945307,0.066602722,0.03970512,0.007759959,40.029488,0.27874866,0.53124976,0.20809767,0.059884489,0,17
1,Østfold,7,2013,282000,0.11503191,0.12817375,0.11588298,0.12357092,0.15078369,0.13141489,0.12115248,0.067099288,0.039102837,0.007787234,40.131371,0.28504705,0.53123075,0.20928508,0.060044631,0,21
1,Østfold,6.7,2014,284962,0.114317,0.12666601,0.11704016,0.12193204,0.15051481,0.13202813,0.12205487,0.069363631,0.037924353,0.008158983,40.282242,,,,,1,25
1,Østfold,6.8,2015,287198,0.11355928,0.12597929,0.116888,0.11976407,0.14980605,0.13361165,0.12173483,0.073426694,0.036946636,0.008283484,40.45895,,,,,1,29
2,Akershus,6,2008,518567,0.13670172,0.14161912,0.10126946,0.14618555,0.15900356,0.1250311,0.097709648,0.056008194,0.031941872,0.004529791,37.581947,0.33535877,0.52075011,0.17041656,0.066648252,0,1
2,Akershus,6.1,2009,527625,0.13585974,0.14115138,0.10257664,0.14240986,0.16056669,0.12491637,0.10019995,0.055740345,0.031897653,0.004681355,37.685009,0.3495155,0.51889169,0.17710245,0.071632199,0,5
2,Akershus,5.6,2010,536499,0.13489307,0.14041965,0.10412695,0.13859671,0.1620208,0.12517078,0.10192004,0.056028064,0.031977691,0.004846234,37.807442,0.35212475,0.51972675,0.17752828,0.07225281,0,9
2,Akershus,5.8,2011,545653,0.13415852,0.13892528,0.1066337,0.13550553,0.1623266,0.12618093,0.10274845,0.056358162,0.031857241,0.00530557,37.917698,0.35503218,0.52252275,0.17753342,0.071714319,0,13
2,Akershus,5.4,2012,556254,0.13333118,0.13683137,0.10890349,0.13341926,0.16304961,0.1275838,0.10359117,0.055866566,0.03169056,0.005732993,38.045788,0.37926385,0.52496177,0.17547998,0.07296332,0,17
2,Akershus,5.6,2013,566399,0.1333936,0.13485722,0.11001079,0.13163158,0.16349782,0.12905391,0.10344828,0.056841556,0.031131765,0.006133486,38.139408,0.38790515,0.52477545,0.17622867,0.073499344,0,21
2,Akershus,5.3,2014,575757,0.13237703,0.13379255,0.11102948,0.1303727,0.16261201,0.13032408,0.10358363,0.058689691,0.030893242,0.006325585,38.285019,,,,,1,25
2,Akershus,5.3,2015,584899,0.13098672,0.13293406,0.11172698,0.12871625,0.16159029,0.13219206,0.10256813,0.062183384,0.03056767,0.006534461,38.463688,,,,,1,29
3,Oslo,5.4,2008,560484,0.12264757,0.09683238,0.16802621,0.19248363,0.13834472,0.11067221,0.081834629,0.046866637,0.034884136,0.007407883,37.186569,0.44562232,0.51888341,0.16361505,0.071118146,0,1
3,Oslo,5.6,2009,575475,0.12373952,0.095939875,0.17069204,0.19280247,0.13836223,0.10928885,0.083143488,0.04534515,0.033209089,0.007477301,37.013359,0.4649941,0.51597124,0.17315395,0.076878607,0,5
3,Oslo,4.9,2010,586860,0.12554954,0.095172614,0.17139181,0.19197765,0.13871792,0.1087261,0.084357426,0.04479092,0.031823605,0.007492418,36.895817,0.46502939,0.51622623,0.17348531,0.077253245,0,9
3,Oslo,5.2,2011,599230,0.12569465,0.094441198,0.17403167,0.19068804,0.13893998,0.10882466,0.085049145,0.04405487,0.030480783,0.007795004,36.815655,0.46463457,0.51845682,0.17314917,0.076481208,0,13
3,Oslo,4.9,2012,613285,0.12557457,0.093036681,0.17744605,0.18957418,0.13979961,0.1084618,0.086057872,0.043048501,0.029203389,0.007797353,36.758564,0.49957272,0.52098483,0.16828218,0.077311978,0,17
3,Oslo,5.1,2013,623966,0.12553248,0.092413686,0.17886391,0.18853912,0.14029931,0.10857162,0.086756326,0.043253958,0.028088069,0.007681508,36.744816,0.50769639,0.52141142,0.16867386,0.077294938,0,21
3,Oslo,4.7,2014,634463,0.12487568,0.09199591,0.17925553,0.18877539,0.14058188,0.1088511,0.08640378,0.044716556,0.026899913,0.00764426,36.780079,,,,,1,25
3,Oslo,4.7,2015,647676,0.12406821,0.092401139,0.17945392,0.1883519,0.14061506,0.10950229,0.085246325,0.047055934,0.025518931,0.007786301,36.804741,,,,,1,29
4,Hedmark,7.1,2008,189289,0.10902376,0.12979624,0.10155899,0.12570725,0.14057869,0.14179905,0.11547422,0.076126978,0.051719856,0.008214952,41.362541,0.24313948,0.52884626,0.20881848,0.067905717,0,1
4,Hedmark,7.3,2009,190071,0.10799123,0.12968838,0.10300887,0.1218492,0.14128931,0.140558,0.12021823,0.075103514,0.052075278,0.008217982,41.488522,0.25558391,0.52553797,0.21907191,0.073131613,0,5
4,Hedmark,6.5,2010,190709,0.10717376,0.12917063,0.10474073,0.11846845,0.14224814,0.13941661,0.12408434,0.074993841,0.051350486,0.008353041,41.561295,0.26042295,0.52385002,0.22316737,0.074274272,0,9
4,Hedmark,6.9,2011,191622,0.10594295,0.12799679,0.10821304,0.11480415,0.14332905,0.13821481,0.12721922,0.074803516,0.050354343,0.009122126,41.656834,0.26486498,0.52512556,0.22618383,0.075773835,0,13
4,Hedmark,6.4,2012,192791,0.10535243,0.12576832,0.11082467,0.11199174,0.14405237,0.13856456,0.12970522,0.075169481,0.048923444,0.009647753,41.777283,0.27816135,0.5285995,0.22709687,0.077622689,0,17
4,Hedmark,6.6,2013,193719,0.10544138,0.12375142,0.11227087,0.10943686,0.14445665,0.13811758,0.13213985,0.076492235,0.04771344,0.010179693,41.894833,0.28638256,0.53003311,0.22876215,0.079258785,0,21
4,Hedmark,5.8,2014,194433,0.10406155,0.12220148,0.11396214,0.10829438,0.14416791,0.1372195,0.1337273,0.079086371,0.046612456,0.010666913,42.060703,,,,,1,25
4,Hedmark,5.9,2015,195153,0.10279626,0.12102299,0.114669,0.1079102,0.14240621,0.13815826,0.13407941,0.081971578,0.046174027,0.010812029,42.243446,,,,,1,29
6,Buskerud,6.7,2008,251220,0.12128413,0.13022052,0.11143619,0.14279118,0.14500438,0.13301489,0.10609426,0.062375609,0.040474486,0.007304355,39.285961,0.26207319,0.52837926,0.19092901,0.047678601,0,1
6,Buskerud,7,2009,254634,0.12160984,0.12930717,0.11230629,0.13972211,0.14661042,0.13164385,0.10914882,0.062273696,0.039943606,0.0074342,39.338455,0.27610689,0.52623659,0.19760385,0.050216977,0,5
6,Buskerud,6.3,2010,257673,0.12081592,0.12823617,0.11385749,0.1371661,0.1480093,0.13083249,0.11181614,0.062687978,0.039262943,0.007315474,39.425377,0.27906716,0.52525812,0.20056435,0.050075769,0,9
6,Buskerud,6.6,2011,261110,0.12027498,0.12700011,0.11534602,0.13544866,0.14851213,0.13034353,0.11422389,0.062747501,0.038305696,0.00779748,39.505322,0.28262243,0.52854919,0.19988844,0.049825329,0,13
6,Buskerud,6.1,2012,265164,0.11975985,0.12482464,0.11808918,0.1332911,0.15002413,0.12983286,0.1158566,0.062534884,0.037527718,0.008259039,39.588505,0.30473328,0.53084725,0.19852316,0.050563797,0,17
6,Buskerud,6.4,2013,269003,0.11963435,0.12329602,0.11884998,0.13187586,0.15083103,0.1299874,0.117021,0.063408218,0.036590669,0.008505481,39.681652,0.31229365,0.53144443,0.19971515,0.051394373,0,21
6,Buskerud,6,2014,272228,0.11903258,0.12259209,0.11892605,0.13044581,0.15121515,0.12990214,0.118173,0.065268822,0.035764139,0.008680224,39.807552,,,,,1,25
6,Buskerud,5.9,2015,274737,0.11815663,0.12193844,0.11935051,0.12893422,0.15040202,0.13028459,0.11779629,0.068938658,0.035433888,0.008764746,39.954868,,,,,1,29
7,Vestfold,5.9,2008,226433,0.11799517,0.13706924,0.11043885,0.13398665,0.14652899,0.13429138,0.10529826,0.065767802,0.041115914,0.00750774,39.47044,0.27395085,0.52562141,0.19140914,0.049980246,0,1
7,Vestfold,6.3,2009,229134,0.11746401,0.13595101,0.11239275,0.13119398,0.14721517,0.13396092,0.10774918,0.065804288,0.040674888,0.00759381,39.535908,0.2878021,0.52184743,0.19969296,0.053835694,0,5
7,Vestfold,5.7,2010,231286,0.11671697,0.13504492,0.11414871,0.12779848,0.14782563,0.13421911,0.11040011,0.066099979,0.039794885,0.007951194,39.637482,0.29231158,0.5222472,0.20352389,0.054615054,0,9
7,Vestfold,5.9,2011,233705,0.11610363,0.13333476,0.1150767,0.12596221,0.147361,0.13482381,0.11239811,0.067598037,0.039062064,0.008279669,39.791386,0.29650083,0.52454591,0.20659274,0.054847479,0,13
7,Vestfold,5.5,2012,236424,0.11577928,0.13116266,0.11631645,0.12420059,0.14756539,0.13508359,0.11557202,0.067501605,0.03821101,0.008607417,39.923183,0.31485927,0.52645481,0.20600443,0.055062,0,17
7,Vestfold,5.9,2013,238748,0.11533919,0.12883878,0.11720308,0.12240103,0.14838658,0.13514668,0.11794444,0.067250825,0.038731214,0.008758188,40.095463,0.32160559,0.52765423,0.20560652,0.056532867,0,21
7,Vestfold,5.7,2014,240860,0.11485925,0.12742671,0.11741675,0.12124471,0.14782447,0.1348086,0.12039359,0.069135599,0.037851863,0.009038446,40.265175,,,,,1,25
7,Vestfold,5.6,2015,242662,0.11360246,0.12571807,0.11756682,0.12048034,0.14732426,0.13498612,0.12097897,0.072903872,0.037220497,0.009218584,40.48494,,,,,1,29
8,Telemark,6.6,2008,166731,0.1129604,0.13402426,0.1106273,0.13102542,0.14089762,0.13792276,0.10976363,0.067288026,0.047735576,0.007755007,40.228386,0.24562357,0.5275107,0.21008056,0.04910345,0,1
8,Telemark,7,2009,167548,0.11202163,0.13292907,0.11214697,0.12827966,0.14140426,0.13772173,0.11362117,0.066936046,0.047013395,0.007926087,40.335331,0.2597712,0.52434337,0.21694964,0.051189959,0,5
8,Telemark,6.2,2010,168231,0.11059793,0.13184847,0.11415851,0.12453115,0.14277987,0.1374182,0.11675613,0.067353815,0.046257824,0.008298114,40.488312,0.26358581,0.52165854,0.22238916,0.050853617,0,9
8,Telemark,6.3,2011,169185,0.10999202,0.13053167,0.11605047,0.1213701,0.14405532,0.13628277,0.1204835,0.066796705,0.045376364,0.009061087,40.595013,0.26742092,0.52293581,0.22441407,0.051322963,0,13
8,Telemark,6.1,2012,170023,0.10935579,0.1287414,0.11826047,0.11824282,0.14505096,0.13630509,0.12320098,0.0670674,0.04411168,0.009663398,40.725578,0.2824384,0.52595317,0.22448806,0.051604092,0,17
8,Telemark,6.1,2013,170902,0.10965349,0.12631215,0.12032627,0.11536436,0.14635873,0.1352237,0.12522382,0.069179997,0.042421974,0.009935519,40.820717,0.28850389,0.52623475,0.2237021,0.052806351,0,21
8,Telemark,5.8,2014,171469,0.10868437,0.12531711,0.12153801,0.11331494,0.14607888,0.13485819,0.12682758,0.072013021,0.041033655,0.010334229,40.980988,,,,,1,25
8,Telemark,6.2,2015,171953,0.10831448,0.12371986,0.12214965,0.11153048,0.14525481,0.13531023,0.12693003,0.07627666,0.039784126,0.010729676,41.150845,,,,,1,29
9,Aust-Agder,6.1,2008,106130,0.12402713,0.13930085,0.11706398,0.13496655,0.13881089,0.13617262,0.10355224,0.059672099,0.039168943,0.007264676,38.696079,0.26337478,0.53013468,0.19471632,0.054179851,0,1
9,Aust-Agder,6.9,2009,107359,0.12317552,0.13929899,0.11651561,0.13395244,0.13887984,0.1350795,0.10758297,0.059864566,0.037966076,0.007684498,38.805447,0.27819675,0.52954751,0.19910325,0.058944918,0,5
9,Aust-Agder,6.2,2010,108499,0.12242509,0.13915336,0.11742043,0.13129154,0.13942985,0.13427773,0.11060932,0.060645722,0.037235368,0.00751159,38.888046,0.28078306,0.52936488,0.20383003,0.057673056,0,9
9,Aust-Agder,6.3,2011,110048,0.12191044,0.13856681,0.11975683,0.12914364,0.13991168,0.13259669,0.11272354,0.061282348,0.036029734,0.008078293,38.930229,0.28600562,0.52887249,0.20751806,0.058626834,0,13
9,Aust-Agder,5.9,2012,111495,0.12290237,0.13567424,0.12096506,0.12814924,0.14118122,0.13182653,0.11491098,0.061123818,0.034880489,0.008386026,38.976395,0.30156848,0.53270108,0.20862666,0.058508117,0,17
9,Aust-Agder,6.3,2013,112772,0.12373639,0.13320683,0.12132444,0.12711489,0.14157769,0.12988153,0.11763559,0.063180573,0.033855923,0.008486149,39.102577,0.30796465,0.53035116,0.2087896,0.058858957,0,21
9,Aust-Agder,6.2,2014,113747,0.12373953,0.13110675,0.12234168,0.12532198,0.14192022,0.12929572,0.1194493,0.064942375,0.033319559,0.008562863,39.248295,,,,,1,25
9,Aust-Agder,6.2,2015,114767,0.12263978,0.12958428,0.12252651,0.12481811,0.14139953,0.12863454,0.12046146,0.06852144,0.032927584,0.00848676,39.445335,,,,,1,29
10,Vest-Agder,6,2008,165944,0.1303512,0.14559731,0.12724775,0.13720894,0.13997494,0.12152293,0.093875043,0.059441738,0.038061034,0.006719134,37.637611,0.26605016,0.5356161,0.19151108,0.043929778,0,1
10,Vest-Agder,6.3,2009,168233,0.13011122,0.14413938,0.12875596,0.13617423,0.13987744,0.12137333,0.096318796,0.05871024,0.037507504,0.007031914,37.681099,0.27893946,0.53343278,0.19830604,0.046260837,0,5
10,Vest-Agder,6.1,2010,170377,0.12981212,0.14351702,0.12961257,0.13415544,0.14102842,0.12124289,0.097384036,0.059356604,0.036536623,0.007354279,37.723976,0.28322366,0.5306353,0.20623071,0.045163918,0,9
10,Vest-Agder,6.3,2011,172408,0.12975036,0.14110714,0.13104381,0.13292307,0.14107814,0.12170549,0.09941534,0.059689805,0.035410188,0.007876664,37.815601,0.28720623,0.52995497,0.2081822,0.046023466,0,13
10,Vest-Agder,5.8,2012,174324,0.1289897,0.13943003,0.13236272,0.13114659,0.14180492,0.12243294,0.10154655,0.059343521,0.035061151,0.007881875,37.920135,0.30275837,0.53468835,0.20625521,0.046445433,0,17
10,Vest-Agder,5.9,2013,176353,0.12942223,0.1368732,0.13344826,0.13030116,0.14238487,0.12222077,0.10327581,0.059647411,0.034680441,0.007745828,37.98563,0.30972132,0.53321141,0.20597298,0.046016321,0,21
10,Vest-Agder,5.6,2014,178478,0.13002163,0.13466085,0.13467766,0.12902991,0.14136197,0.12285548,0.10424254,0.061290469,0.034105044,0.007754457,38.080627,,,,,1,25
10,Vest-Agder,5.5,2015,180877,0.12913196,0.13280295,0.13621411,0.12789907,0.14015049,0.12409538,0.10418683,0.063910834,0.033951249,0.007657137,38.235935,,,,,1,29
11,Rogaland,4.9,2008,412687,0.13997534,0.14456235,0.13432941,0.14835456,0.14106575,0.11928411,0.083608158,0.05067521,0.032210853,0.005934279,36.256474,0.26679817,0.53790361,0.16668339,0.038573492,0,1
11,Rogaland,5.1,2009,420574,0.13885784,0.14312106,0.13592376,0.14720833,0.14186326,0.11962698,0.085642479,0.050160021,0.031371411,0.006224826,36.329338,0.27892172,0.53480166,0.17424279,0.040726501,0,5
11,Rogaland,4.7,2010,427947,0.13858025,0.14202927,0.13609396,0.14603677,0.14281441,0.11950545,0.087781899,0.049968805,0.030896349,0.006292835,36.389751,0.28232417,0.53662777,0.17473017,0.040259276,0,9
11,Rogaland,5.1,2011,436087,0.13847236,0.14018992,0.13737397,0.14557187,0.1431618,0.11907945,0.089628905,0.049859319,0.030023826,0.006638584,36.429749,0.28516111,0.53779441,0.17530575,0.039444949,0,13
11,Rogaland,4.7,2012,443115,0.13836814,0.13776107,0.13876534,0.14479086,0.14347517,0.11943175,0.091461584,0.049833566,0.02913465,0.006977873,36.518013,0.31219944,0.54099929,0.17316164,0.040045328,0,17
11,Rogaland,4.8,2013,452159,0.1386636,0.13467386,0.140413,0.14559038,0.14345618,0.11886969,0.092390068,0.050382718,0.028593924,0.006966576,36.572311,0.32025588,0.54070097,0.17320336,0.041039228,0,21
11,Rogaland,4.5,2014,459625,0.13842154,0.1329584,0.14122382,0.14551863,0.14296438,0.11867718,0.09332826,0.051946696,0.027979331,0.006981778,36.662468,,,,,1,25
11,Rogaland,4.7,2015,466302,0.13792349,0.13088943,0.1414298,0.14564382,0.14210533,0.1194462,0.093921967,0.054025073,0.027767412,0.006847494,36.818649,,,,,1,29
12,Hordaland,6.2,2008,462674,0.13003324,0.13710734,0.13214272,0.14419223,0.13734077,0.12210757,0.09247116,0.058503397,0.038459044,0.00764253,37.745647,0.30686194,0.52922893,0.1938318,0.046363723,0,1
12,Hordaland,6.4,2009,469681,0.12944317,0.13566868,0.13441889,0.14240091,0.13809372,0.12129083,0.09480264,0.058390696,0.037623409,0.007867042,37.791626,0.31917861,0.52849716,0.19892097,0.050572991,0,5
12,Hordaland,5.8,2010,477175,0.12917902,0.13406193,0.13675486,0.14056478,0.13849846,0.12071881,0.097159326,0.057936817,0.037114266,0.008011736,37.829525,0.32254392,0.52938551,0.20134602,0.050818365,0,9
12,Hordaland,6.3,2011,484240,0.12795928,0.13264291,0.13909838,0.13971998,0.13911697,0.12003139,0.098734096,0.057923757,0.036252685,0.008520569,37.881123,0.32609281,0.52997053,0.20161508,0.050188228,0,13
12,Hordaland,5.8,2012,490570,0.12753531,0.1303606,0.14105633,0.13895673,0.13944188,0.12025399,0.10036692,0.057706341,0.03565852,0.008663392,37.957657,0.34638223,0.53438646,0.19778611,0.05068896,0,17
12,Hordaland,6.1,2013,498135,0.12714626,0.12842302,0.14263001,0.13920523,0.13932167,0.1196764,0.10191615,0.058050528,0.034922261,0.008708483,38.013775,0.35364941,0.53488266,0.19630672,0.051382143,0,21
12,Hordaland,5.5,2014,505246,0.12636617,0.12640971,0.14489575,0.13859585,0.13952015,0.11929832,0.10287662,0.058868352,0.034349605,0.008819467,38.104717,,,,,1,25
12,Hordaland,5.7,2015,511357,0.12541336,0.12474064,0.14611319,0.13822828,0.1391122,0.11958768,0.10313343,0.060900703,0.033751372,0.009019139,38.230667,,,,,1,29
14,Sogn og Fjordane,5.6,2008,106259,0.12757507,0.1474981,0.11188699,0.11971692,0.13763539,0.13090655,0.099022202,0.06869065,0.046913672,0.010154434,39.183949,0.24457514,0.53535813,0.20133427,0.048419945,0,1
14,Sogn og Fjordane,5.7,2009,106457,0.12588181,0.14676349,0.11243977,0.11772829,0.13759546,0.13127366,0.10278329,0.068205945,0.046788845,0.010539467,39.356934,0.25518909,0.53424436,0.20672804,0.05091342,0,5
14,Sogn og Fjordane,5.1,2010,107080,0.12376728,0.14543332,0.11483938,0.1152316,0.13745798,0.13251774,0.10566866,0.068173327,0.046329848,0.010580874,39.518677,0.25905544,0.53297472,0.20828836,0.053439032,0,9
14,Sogn og Fjordane,5.4,2011,107742,0.1226634,0.14357446,0.11780921,0.11239813,0.13681759,0.13320711,0.10863916,0.068005048,0.045497578,0.011388317,39.647259,0.26212195,0.53183985,0.20916076,0.05290857,0,13
14,Sogn og Fjordane,5.2,2012,108201,0.12192124,0.14158835,0.11874197,0.11123742,0.1367455,0.1333629,0.11214314,0.06756869,0.044962615,0.011728172,39.78611,0.27848479,0.53638601,0.21342942,0.054526281,0,17
14,Sogn og Fjordane,5.5,2013,108700,0.12159154,0.13896964,0.12020239,0.10990801,0.13712971,0.13313708,0.11482061,0.068058878,0.044517018,0.011665134,39.911434,0.28650379,0.53547633,0.21404712,0.056104515,0,21
14,Sogn og Fjordane,5.1,2014,108965,0.11978158,0.13783325,0.12117653,0.11023723,0.13506171,0.13273987,0.11764328,0.06956362,0.043949891,0.012013032,40.086044,,,,,1,25
14,Sogn og Fjordane,5.3,2015,109170,0.11807273,0.1360905,0.12272602,0.10946231,0.13364477,0.13261884,0.11913529,0.072950445,0.04300632,0.012292755,40.28878,,,,,1,29
15,Møre og Romsdal,6.3,2008,246772,0.12457248,0.13936751,0.1153656,0.12726727,0.13574068,0.1359514,0.10087854,0.06672556,0.045645375,0.008485566,39.309792,0.24078424,0.53824991,0.19028708,0.038924426,0,1
15,Møre og Romsdal,6.3,2009,248727,0.12349282,0.13813539,0.11739779,0.12461856,0.13641864,0.13537332,0.10538059,0.064982891,0.045214232,0.008985755,39.409401,0.25218931,0.53871292,0.1953091,0.04156455,0,5
15,Møre og Romsdal,6,2010,251262,0.12248569,0.13699645,0.1187406,0.12287971,0.13714768,0.13513783,0.1082814,0.064697407,0.044491407,0.009141852,39.479275,0.2560375,0.53742385,0.19801822,0.041357804,0,9
15,Møre og Romsdal,6.3,2011,253904,0.12104181,0.13537399,0.1211127,0.12158927,0.13759138,0.13424759,0.1112704,0.064272322,0.043721247,0.009779287,39.584091,0.25955817,0.53829265,0.2002383,0.041882109,0,13
15,Møre og Romsdal,5.7,2012,256628,0.12004536,0.13343829,0.12315881,0.12037268,0.13834421,0.13311486,0.11429774,0.064338267,0.042996086,0.009893699,39.68845,0.27780581,0.54407662,0.19881235,0.04250297,0,17
15,Møre og Romsdal,5.8,2013,259404,0.11989021,0.13133568,0.12445452,0.12006368,0.13876039,0.13127786,0.1167561,0.064744569,0.042412609,0.01030439,39.781219,0.28550866,0.54460776,0.19998376,0.04306877,0,21
15,Møre og Romsdal,5.6,2014,261530,0.11914121,0.12989715,0.1249111,0.12056743,0.13859978,0.13010745,0.11812794,0.066638626,0.041654877,0.010354453,39.898434,,,,,1,25
15,Møre og Romsdal,5.8,2015,263719,0.11767828,0.12939151,0.12520523,0.12082557,0.13853382,0.12866347,0.1191268,0.069494426,0.040668286,0.010412598,40.016945,,,,,1,29
16,Sør-Trøndelag,6.2,2008,282993,0.12488294,0.13159336,0.13519415,0.14656547,0.13909885,0.12448364,0.096030645,0.057920162,0.03772885,0.006501928,38.023571,0.32598335,0.53152108,0.19045746,0.050538629,0,1
16,Sør-Trøndelag,6.5,2009,286729,0.12385563,0.13038793,0.13877214,0.14322932,0.14025091,0.12344757,0.099159837,0.057015508,0.037373267,0.006507887,38.052856,0.33906737,0.53149974,0.19491346,0.052565765,0,5
16,Sør-Trøndelag,5.7,2010,290547,0.12354628,0.12876058,0.14150551,0.14069669,0.14090319,0.12301968,0.10122631,0.056761902,0.036878716,0.006701153,38.099567,0.34280422,0.53128284,0.19616961,0.05215558,0,9
16,Sør-Trøndelag,6.3,2011,294066,0.12284997,0.12751219,0.14450158,0.13858114,0.14136282,0.12228207,0.10310951,0.057068821,0.035893302,0.006838601,38.137463,0.34814262,0.53259289,0.19700035,0.053183265,0,13
16,Sør-Trøndelag,5.8,2012,297950,0.121658,0.12484645,0.14926666,0.13634166,0.14213459,0.12174191,0.1044974,0.057395536,0.035106562,0.007011244,38.211021,0.36486247,0.53541028,0.19514182,0.054700326,0,17
16,Sør-Trøndelag,6,2013,302755,0.12100213,0.12262721,0.15248634,0.13572361,0.14205545,0.12120031,0.10497267,0.05831448,0.034522966,0.007094846,38.265854,0.37328398,0.53575718,0.19499891,0.05422822,0,21
16,Sør-Trøndelag,5.6,2014,306197,0.12061843,0.12057597,0.15404789,0.13427956,0.14196417,0.12123241,0.10533088,0.060660295,0.033867087,0.007423325,38.396729,,,,,1,25
16,Sør-Trøndelag,5.8,2015,310047,0.11991085,0.11884972,0.15625051,0.13321529,0.1412044,0.12131064,0.10511955,0.063164614,0.033249799,0.007724635,38.508545,,,,,1,29
17,Nord-Trøndelag,6.9,2008,129856,0.12466887,0.1443368,0.10895915,0.12283607,0.13835326,0.13469535,0.10765001,0.06699729,0.043887075,0.007616129,39.325699,0.25434652,0.53530031,0.20442197,0.055523694,0,1
17,Nord-Trøndelag,7.1,2009,130708,0.12373382,0.14348012,0.10993207,0.11969428,0.13980016,0.13322826,0.11188298,0.066583529,0.043440342,0.008224439,39.472557,0.26615012,0.53034401,0.21295065,0.058151085,0,5
17,Nord-Trøndelag,6.6,2010,131555,0.12226825,0.1428604,0.11156551,0.11641519,0.14030634,0.13265935,0.11490251,0.067431875,0.043267075,0.008323515,39.62574,0.27012047,0.52943063,0.21356481,0.059181899,0,9
17,Nord-Trøndelag,6.8,2011,132140,0.12109127,0.14229605,0.11434842,0.11372787,0.13982897,0.13169366,0.11795823,0.067852281,0.042515513,0.008687755,39.71294,0.27106062,0.53241366,0.21367174,0.059267275,0,13
17,Nord-Trøndelag,6.1,2012,133390,0.12035385,0.14025789,0.11664293,0.11159007,0.14123248,0.13037708,0.12015144,0.068813257,0.042222057,0.008358947,39.818718,0.2826429,0.53682256,0.21652561,0.060148478,0,17
17,Nord-Trøndelag,6.8,2013,134443,0.11957484,0.13773867,0.11834756,0.11047804,0.14121971,0.13000305,0.12193272,0.070647039,0.041288875,0.008769516,39.967243,0.28941071,0.53539419,0.22016793,0.059597235,0,21
17,Nord-Trøndelag,6.2,2014,135142,0.11932634,0.13628627,0.12047328,0.10875967,0.13934232,0.13028519,0.12255257,0.073611461,0.04038715,0.008975744,40.096619,,,,,1,25
17,Nord-Trøndelag,6.4,2015,135738,0.1188245,0.13338196,0.12296483,0.1077517,0.13789801,0.13011831,0.12348053,0.076271936,0.040320322,0.008987904,40.254417,,,,,1,29
18,Nordland,6.8,2008,234996,0.11698072,0.14202794,0.11006571,0.12435956,0.14097686,0.13656403,0.10810397,0.069703311,0.043132648,0.008085244,39.774239,0.24636596,0.53058976,0.21636891,0.07504309,0,1
18,Nordland,7,2009,235380,0.11528167,0.14114198,0.11180644,0.12065171,0.14256096,0.13560626,0.11172997,0.06954287,0.043414902,0.008263234,39.93951,0.25670424,0.5292877,0.22435041,0.079081438,0,5
18,Nordland,6.3,2010,236271,0.11357297,0.14042772,0.1140724,0.11645949,0.14342429,0.13533612,0.11507125,0.069898546,0.043335829,0.00840137,40.094666,0.26100186,0.52676195,0.22727157,0.078582838,0,9
18,Nordland,6.8,2011,237280,0.11269808,0.13844404,0.11674393,0.1139034,0.14369942,0.13489127,0.11767532,0.07025034,0.042734321,0.008959878,40.229481,0.2642155,0.52802944,0.22672021,0.080553815,0,13
18,Nordland,6.5,2012,238320,0.11214334,0.13547331,0.11969201,0.1118622,0.143429,0.13521315,0.11978852,0.070732631,0.042400975,0.009264854,40.382477,0.27832204,0.53042704,0.22720595,0.08129549,0,17
18,Nordland,6.5,2013,239611,0.11207749,0.13226438,0.12275313,0.11069191,0.14267291,0.13501884,0.12115888,0.072242096,0.041642494,0.009477862,40.485191,0.28311321,0.53083831,0.22815688,0.081178099,0,21
18,Nordland,6.3,2014,240877,0.11121859,0.12977578,0.12516347,0.11018071,0.14150375,0.13436317,0.12314999,0.074295178,0.040580876,0.009768471,40.633617,,,,,1,25
18,Nordland,6.5,2015,241682,0.11037645,0.12709676,0.12617406,0.11045092,0.13910428,0.13481352,0.1242004,0.07784196,0.040284339,0.009657319,40.84396,,,,,1,29
19,Troms,7.2,2008,154642,0.12342701,0.1370391,0.12173925,0.14214121,0.14141695,0.13296518,0.10152481,0.058852058,0.035061628,0.005832827,38.302376,0.29875457,0.52578408,0.23713246,0.076550044,0,1
19,Troms,7.8,2009,155553,0.12164985,0.13749655,0.12247916,0.13808799,0.14312163,0.1312993,0.10528887,0.059458833,0.035036288,0.006081529,38.482243,0.31305641,0.52541322,0.24546523,0.079910852,0,5
19,Troms,6.8,2010,156494,0.12050302,0.13720015,0.12425397,0.13398597,0.14373714,0.13070789,0.10870066,0.06009176,0.034742545,0.00607691,38.623192,0.31685457,0.5251323,0.24762647,0.081713893,0,9
19,Troms,7.3,2011,157554,0.11911472,0.13569316,0.12677558,0.13049494,0.14478846,0.1293842,0.11157444,0.061001308,0.034838848,0.006334336,38.785152,0.31905875,0.52539462,0.24876985,0.082285881,0,13
19,Troms,6.5,2012,158650,0.11814056,0.13272613,0.13021746,0.12748188,0.14566025,0.1289127,0.11360227,0.061991807,0.034736842,0.006530098,38.952152,0.33484393,0.52861065,0.2453081,0.085052386,0,17
19,Troms,7,2013,160418,0.11724994,0.12886958,0.13502848,0.12582752,0.1449962,0.12838958,0.11461931,0.063870639,0.03460335,0.0065454,39.08625,0.34180966,0.52940339,0.24673362,0.083819225,0,21
19,Troms,6.5,2014,162050,0.11643937,0.12623881,0.13846961,0.12389386,0.1450725,0.12768282,0.11564332,0.066047519,0.03352052,0.006991669,39.228508,,,,,1,25
19,Troms,6.5,2015,163453,0.11483423,0.12304454,0.14188176,0.12341774,0.14415152,0.12750454,0.11600889,0.068845481,0.03312267,0.007188611,39.407715,,,,,1,29
20,Finnmark,8.1,2008,72399,0.1259824,0.14214285,0.11484965,0.14250197,0.14255722,0.13328913,0.10074725,0.062376551,0.030594345,0.004958632,38.087902,0.25508201,0.52603364,0.21092299,0.092298709,0,1
20,Finnmark,7.9,2009,72492,0.12386195,0.14125697,0.11656459,0.13652541,0.14553329,0.13172488,0.10537715,0.062710367,0.031382773,0.005062628,38.339817,0.26546177,0.52810377,0.21223514,0.094046243,0,5
20,Finnmark,7.2,2010,72856,0.12143131,0.14035906,0.11952344,0.13123147,0.14740035,0.13058636,0.10955858,0.063275501,0.031527944,0.005105963,38.53883,0.26928303,0.52623028,0.2153838,0.096555032,0,9
20,Finnmark,7,2011,73417,0.11846031,0.13953172,0.1249302,0.12580192,0.15008785,0.12828092,0.1126987,0.062969066,0.032376699,0.004862634,38.675117,0.26860493,0.52927107,0.21503115,0.09571252,0,13
20,Finnmark,6.5,2012,73787,0.11636196,0.13759877,0.12855923,0.12080719,0.15223549,0.12838306,0.1154675,0.063100547,0.03245829,0.005027986,38.869705,0.28737345,0.53310317,0.21080855,0.098276176,0,17
20,Finnmark,7.1,2013,74534,0.11369308,0.1362063,0.13294604,0.11687284,0.15354067,0.12787452,0.11656425,0.064279392,0.033018488,0.005004427,39.049667,0.29417276,0.5334565,0.20969211,0.097285479,0,21
20,Finnmark,6.9,2014,75207,0.11255601,0.13266052,0.1363304,0.1153749,0.15353625,0.12816626,0.11798104,0.065565705,0.032643236,0.005185687,39.212719,,,,,1,25
20,Finnmark,6.9,2015,75605,0.11120958,0.13036175,0.13843,0.11487336,0.15063818,0.12997818,0.11873554,0.06720455,0.032907877,0.005661001,39.433224,,,,,1,29
